<?xml version="1.0" encoding="UTF-8" standalone="yes"?>
<module>
    <name>Unrestricted</name>
    <category>Attribute Appraisals</category>
    <path>C:\Dev\CBTek\cpp\Contests\RStats2017\submission\rstats_binaries\module_aa_unrestricted.exe</path>
    <script_path></script_path>
    <script_path_args></script_path_args>
    <type>Executable</type>
    <working_dir>Executable</working_dir>
    <icon>resx/img_module.png</icon>
    <show_console>FALSE</show_console>
    <args></args>
</module>
